Value,Reference,Qty,JLCPCB Part #,Footprint,DNP,Exclude from BOM,Exclude from Board,Datasheet,Description,Manufacturer,Manufacturer Part Number,Distributor Link
10u,"C1,C8",2,C15850,Capacitor_SMD:C_0805_2012Metric,,,,https://jlcpcb.com/api/file/downloadByFileSystemAccessId/8579706853615591424,10uF 25V X5R ±10% 0805 Multilayer Ceramic Capacitors MLCC - SMD/SMT ROHS,Samsung Electro-Mechanics,CL21A106KAYNNNE,
100n,"C2,C3,C4,C5,C6,C12",6,C1525,Capacitor_SMD:C_0402_1005Metric,,,,https://jlcpcb.com/api/file/downloadByFileSystemAccessId/8579707269996871680,100nF 16V X7R ±10% 0402 Multilayer Ceramic Capacitors MLCC - SMD/SMT ROHS,Samsung Electro-Mechanics,CL05B104KO5NNNC,
22u,C7,1,C45783,Capacitor_SMD:C_0805_2012Metric,,,,https://jlcpcb.com/api/file/downloadByFileSystemAccessId/8579706866429190144,22uF 25V X5R ±20% 0805 Multilayer Ceramic Capacitors MLCC - SMD/SMT ROHS,Samsung Electro-Mechanics,CL21A226MAQNNNE,
10n,C9,1,C15195,Capacitor_SMD:C_0402_1005Metric,,,,https://jlcpcb.com/api/file/downloadByFileSystemAccessId/8579707307011465216,10nF 50V X7R ±10% 0402 Multilayer Ceramic Capacitors MLCC - SMD/SMT ROHS,Samsung Electro-Mechanics,CL05B103KB5NNNC,
1u,"C10,C11,C17",3,C52923,Capacitor_SMD:C_0402_1005Metric,,,,https://jlcpcb.com/api/file/downloadByFileSystemAccessId/8579707174974914560,1uF 25V X5R ±10% 0402 Multilayer Ceramic Capacitors MLCC - SMD/SMT ROHS,Samsung Electro-Mechanics,CL05A105KA5NQNC,
10p,"C13,C14",2,C32949,Capacitor_SMD:C_0402_1005Metric,,,,https://wmsc.lcsc.com/wmsc/upload/file/pdf/v2/lcsc/2012231840_EYANG-Shenzhen-Eyang-Tech-Development-C0105C0G100J250NTZ_C881839.pdf,10pF 50V C0G ±5% 0402 Multilayer Ceramic Capacitors MLCC - SMD/SMT ROHS,Samsung Electro-Mechanics,CL05C100JB5NNNC,
2.2u,C16,1,C12530,Capacitor_SMD:C_0402_1005Metric,,,,https://jlcpcb.com/api/file/downloadByFileSystemAccessId/8586178550172540928,2.2uF 6.3V X5R ±20% 0402 Multilayer Ceramic Capacitors MLCC - SMD/SMT ROHS,Samsung Electro-Mechanics,CL05A225MQ5NSNC,
0.1u,"C18,C19",2,C307331,Capacitor_SMD:C_0402_1005Metric,,,,https://jlcpcb.com/api/file/downloadByFileSystemAccessId/8554627388281098240,100nF 50V X7R ±10% 0402 Multilayer Ceramic Capacitors MLCC - SMD/SMT ROHS,Samsung Electro-Mechanics,CL05B104KB54PNC,
100u,C20,1,C15008,Capacitor_SMD:C_1206_3216Metric,,,,https://jlcpcb.com/api/file/downloadByFileSystemAccessId/8586178582331215872,100uF 6.3V X5R ±20% 1206 Multilayer Ceramic Capacitors MLCC - SMD/SMT ROHS,Samsung Electro-Mechanics, CL31A107MQHNNNE,
LED,"D1,D2",2,C2286 ,LED_SMD:LED_0603_1608Metric,,,,https://jlcpcb.com/api/file/downloadByFileSystemAccessId/8550723991833485312,-40℃~+85℃ 120° 2.4V 20mA 300mcd 40mW 615nm~630nm 645nm Red Water Clear 0603 LED Indication - Discrete ROHS,Hubei KENTO Elec,KT-0603R ,
120R,FB1,1,C98285,Inductor_SMD:L_0603_1608Metric,,,,https://jlcpcb.com/api/file/downloadByFileSystemAccessId/8588918745326080000,Ferrite bead,Sunlord,PZ1608D121-1R0TF,
USB_B_Micro,J5,1, C5120592,Connector_USB:USB_Mini-B_Lumberg_2486_01_Horizontal,,,,https://www.we-online.com/components/products/datasheet/65100516121.pdf,SMD USB Connectors ROHS,Wurth Elektronik,65100516121,
2u2,L1,1,C22463806 ,Inductor_SMD:L_TechFuse_SL0420,,,,https://jlcpcb.com/api/file/downloadByFileSystemAccessId/8603187355977469952,"3.3uH 3.5A 4A ±20% SMD,4.5x4.1mm Inductors (SMD) ROHS",TECHFUSE,SL0420-2R2M,
10k,"R1,R2",2,C25744,Resistor_SMD:R_0402_1005Metric,,,,https://jlcpcb.com/api/file/downloadByFileSystemAccessId/8556212101498380288,-55℃~+155℃ 10kΩ 50V 62.5mW Thick Film Resistor ±1% ±100ppm/℃ 0402 Chip Resistor - Surface Mount ROHS,UNI-ROYAL(Uniroyal Elec),0402WGF1002TCE,
100k,R3,1,C11702,Resistor_SMD:R_0402_1005Metric,,,,https://jlcpcb.com/api/file/downloadByFileSystemAccessId/8579705924167974912,-55℃~+155℃ 1kΩ 50V 62.5mW Thick Film Resistor ±1% ±100ppm/℃ 0402 Chip Resistor - Surface Mount ROHS,UNI-ROYAL(Uniroyal Elec),0402WGF1001TCE,
1k,"R4,R5",2,C11702,Resistor_SMD:R_0402_1005Metric,,,,https://jlcpcb.com/api/file/downloadByFileSystemAccessId/8579705924167974912,-55℃~+155℃ 1kΩ 50V 62.5mW Thick Film Resistor ±1% ±100ppm/℃ 0402 Chip Resistor - Surface Mount ROHS,UNI-ROYAL(Uniroyal Elec),0402WGF1001TCE,
SW_SPDT,SW1,1,C221841,Button_Switch_SMD:SW_SPDT_PCM12,,,,https://jlcpcb.com/api/file/downloadByFileSystemAccessId/8588906493386608641,"Switch, single pole double throw",C&K,PCM12SMTR,
TPS62162DSG,U1,1,C40256,Package_SON:WSON-8-1EP_2x2mm_P0.5mm_EP0.9x1.6mm_ThermalVias,,,,http://www.ti.com/lit/ds/symlink/tps62160.pdf,"1A Step-Down Converter with DCS-Control, fixed 3.3V output, 3-17V input voltage, WSON-8",Texas Instruments,TPS62162DSGR,
STM32F446RCTx,U2,1,C69336,Package_QFP:LQFP-64_10x10mm_P0.5mm,,,,https://jlcpcb.com/api/file/downloadByFileSystemAccessId/8586182311188566016,"STMicroelectronics Arm Cortex-M4 MCU, 256KB flash, 128KB RAM, 180 MHz, 1.8-3.6V, 50 GPIO, LQFP64",STMicroelectronics,STM32F446RET6,
TPS2041B,U3,1,C51386,Package_TO_SOT_SMD:SOT-23-5,,,,http://www.ti.com/lit/ds/symlink/tps2041.pdf,Single power-distribution switcher,Texas Instruments,TPS2041BDBVR,
USBLC6-2SC6,"USB_EDC_PROT1,USB_EDC_PROT2",2,C7519,Package_TO_SOT_SMD:SOT-23-6,,,,https://www.st.com/resource/en/datasheet/usblc6-2.pdf,"Very low capacitance ESD protection diode, 2 data-line, SOT-23-6",Texas Instruments,USBLC6-2SC6,
16MHz,Y1,1,C880097,Crystal:Crystal_SMD_3225-4Pin_3.2x2.5mm,,,,https://jlcpcb.com/api/file/downloadByFileSystemAccessId/8589837494851170304,"Four pin crystal, GND on pins 2 and 4",NDK,NX3225SA-16MHz-STD-CSR-6,
